<?xml version="1.0" encoding="UTF-8"?>
<project-private xmlns="http://www.netbeans.org/ns/project-private/1">
    <editor-bookmarks xmlns="http://www.netbeans.org/ns/editor-bookmarks/2" lastBookmarkId="0"/>
    <open-files xmlns="http://www.netbeans.org/ns/projectui-open-files/2">
        <group>
            <file>file:/C:/Users/Adriana/Desktop/INFO_AN1_SEM1/sem2/p/Biblioteca/Restaurant/src/restaurant/Pachete_Speciale.java</file>
            <file>file:/C:/Users/Adriana/Desktop/INFO_AN1_SEM1/sem2/p/Biblioteca/Restaurant/src/restaurant/Masa.java</file>
            <file>file:/C:/Users/Adriana/Desktop/INFO_AN1_SEM1/sem2/p/Biblioteca/Restaurant/src/restaurant/Bauturi.java</file>
            <file>file:/C:/Users/Adriana/Desktop/INFO_AN1_SEM1/sem2/p/Biblioteca/Restaurant/src/restaurant/Client.java</file>
            <file>file:/C:/Users/Adriana/Desktop/INFO_AN1_SEM1/sem2/p/Biblioteca/Restaurant/test/AdministratorLogare.java</file>
            <file>file:/C:/Users/Adriana/Desktop/INFO_AN1_SEM1/sem2/p/Biblioteca/Restaurant/src/restaurant/Meniu.java</file>
            <file>file:/C:/Users/Adriana/Desktop/INFO_AN1_SEM1/sem2/p/Biblioteca/Restaurant/src/restaurant/Desert.java</file>
            <file>file:/C:/Users/Adriana/Desktop/INFO_AN1_SEM1/sem2/p/Biblioteca/Restaurant/src/restaurant/Mic_dejun.java</file>
            <file>file:/C:/Users/Adriana/Desktop/INFO_AN1_SEM1/sem2/p/Biblioteca/Restaurant/src/restaurant/Meniul_zilei.java</file>
            <file>file:/C:/Users/Adriana/Desktop/INFO_AN1_SEM1/sem2/p/Biblioteca/Restaurant/src/restaurant/Aperitive.java</file>
            <file>file:/C:/Users/Adriana/Desktop/INFO_AN1_SEM1/sem2/p/Biblioteca/Restaurant/src/restaurant/Cina.java</file>
            <file>file:/C:/Users/Adriana/Desktop/INFO_AN1_SEM1/sem2/p/Biblioteca/Restaurant/src/restaurant/Restaurant.java</file>
            <file>file:/C:/Users/Adriana/Desktop/INFO_AN1_SEM1/sem2/p/Biblioteca/Restaurant/test/Masa_si_Meniu.java</file>
            <file>file:/C:/Users/Adriana/Desktop/INFO_AN1_SEM1/sem2/p/Biblioteca/Restaurant/src/restaurant/Date_rezervare.java</file>
            <file>file:/C:/Users/Adriana/Desktop/INFO_AN1_SEM1/sem2/p/Biblioteca/Restaurant/src/restaurant/Administrator.java</file>
            <file>file:/C:/Users/Adriana/Desktop/INFO_AN1_SEM1/sem2/p/Biblioteca/Restaurant/test/MainRestaurant.java</file>
        </group>
    </open-files>
</project-private>
